category,trial,item1,item2,choice,rt
1,1,15,23,15.0,1.066925322674122
1,2,1,23,23.0,3.3133917632187107
2,1,46,35,46.0,4.9732143214386095
2,2,32,40,32.0,2.2107468601040017
3,1,82,63,82.0,3.699882676238751
3,2,85,63,63.0,4.153431449952729
4,1,111,119,119.0,3.4078805667362495
4,2,105,94,105.0,3.8762712983314085
5,1,128,136,128.0,4.187164961419068
5,2,142,145,142.0,4.131179532004631
