category,trial,item1,item2,choice,rt
1,1,26,23,26.0,1.7987424829696708
1,2,24,23,24.0,3.77020133302065
2,1,50,35,35.0,4.009639969632547
2,2,35,54,35.0,2.003815414356486
3,1,74,68,74.0,3.8307733139590994
3,2,74,79,74.0,3.378935056356946
4,1,114,106,114.0,4.59995302013963
4,2,91,108,91.0,4.748153062579232
5,1,140,129,129.0,3.296423067321429
5,2,129,145,145.0,2.258769543495503
