category,trial,item1,item2,choice,rt
1,1,20,1,20.0,4.068594495487456
1,2,9,3,9.0,4.532003598307611
2,1,48,32,32.0,2.5737860942763437
2,2,48,52,48.0,3.435645674052413
3,1,68,82,82.0,2.5787948357468826
3,2,74,77,77.0,2.0762594736649507
4,1,112,114,114.0,2.2368385964976927
4,2,108,114,114.0,1.6286026362493653
5,1,145,129,145.0,3.8667112360491664
5,2,147,121,121.0,3.614846886380585
