category,trial,item1,item2,choice,rt
1,1,20,24,20.0,3.77499394080991
1,2,22,15,15.0,2.4084011870400976
2,1,40,46,40.0,2.407912604603805
2,2,40,33,33.0,2.20013473403414
3,1,64,82,82.0,3.806760866558899
3,2,77,80,77.0,2.589624126367969
4,1,119,108,119.0,1.8281682196989162
4,2,113,114,114.0,4.018969740564397
5,1,136,130,130.0,2.6727709764541867
5,2,142,129,142.0,3.7859249970784434
