category,trial,item1,item2,choice,rt
1,1,22,24,22.0,2.9797550000629185
1,2,2,24,2.0,2.5540033768406434
2,1,33,41,33.0,4.4059249346525045
2,2,54,35,35.0,4.132751475732405
3,1,79,63,63.0,3.7547220533798358
3,2,77,76,77.0,2.950457263949574
4,1,106,113,113.0,2.575990689246905
4,2,111,105,105.0,4.7018688752981195
5,1,147,145,145.0,2.94485666615706
5,2,140,130,130.0,2.7791399150689835
