category,trial,item1,item2,choice,rt
1,1,2,24,2.0,2.5841325776079174
1,2,2,20,2.0,4.393780632795355
2,1,35,52,35.0,2.4830568113423586
2,2,41,40,40.0,2.023969794811287
3,1,74,82,82.0,3.804937326304195
3,2,76,85,76.0,4.45827914441865
4,1,94,111,111.0,3.5941204668451183
4,2,106,113,113.0,2.894408324483751
5,1,128,130,130.0,3.8505547603902337
5,2,145,139,145.0,2.232900731177997
