category,trial,item1,item2,choice,rt
1,1,2,9,2.0,2.408422087108375
1,2,22,3,22.0,4.954734405326352
2,1,54,32,32.0,3.384950230761708
2,2,35,40,40.0,2.486903799667548
3,1,80,74,80.0,4.4276034413977055
3,2,85,80,80.0,4.974019894236034
4,1,105,111,105.0,2.7273520614114255
4,2,91,113,91.0,2.454614031462145
5,1,145,129,145.0,2.8575267919066496
5,2,147,128,128.0,2.697368097672426
