category,trial,item1,item2,choice,rt
1,1,24,26,26.0,2.1359853148798216
1,2,9,2,2.0,2.6871423635809544
2,1,33,52,33.0,4.992655277500866
2,2,32,35,32.0,2.582126361746604
3,1,77,82,82.0,3.546425562529225
3,2,63,85,63.0,2.517923775805543
4,1,119,94,119.0,2.044180079523772
4,2,94,114,114.0,2.175923459271209
5,1,147,140,140.0,4.979978899494764
5,2,140,136,140.0,2.361490791418684
