category,trial,item1,item2,choice,rt
1,1,20,26,26.0,2.9068801553765606
1,2,3,15,15.0,2.175782330626724
2,1,35,32,32.0,2.4320046900206673
2,2,32,48,32.0,2.208215373366413
3,1,82,64,82.0,2.947174923481128
3,2,64,85,64.0,4.126524074400605
4,1,94,119,119.0,2.569376065194861
4,2,119,105,119.0,4.307201014807708
5,1,128,145,145.0,4.069124539577915
5,2,136,142,142.0,1.0581861187149537
