category,trial,item1,item2,choice,rt
1,1,3,2,2.0,3.8121528812478065
1,2,23,1,23.0,2.3414557037067145
2,1,41,54,54.0,4.580739701360737
2,2,41,48,48.0,4.976444666472508
3,1,64,74,74.0,3.4623560713055577
3,2,76,77,77.0,4.275908308565804
4,1,119,106,119.0,3.0822427690081646
4,2,91,119,119.0,4.591812288116268
5,1,130,136,130.0,4.758739783316441
5,2,129,136,129.0,2.7157321390176663
