category,trial,item1,item2,choice,rt
1,1,23,9,9.0,4.01584862393866
1,2,23,26,26.0,1.8736287716099915
2,1,33,48,33.0,2.948270797134829
2,2,54,46,46.0,3.4599800899678783
3,1,74,76,76.0,2.708756145148775
3,2,63,76,63.0,4.491644999606839
4,1,91,119,119.0,2.7924756329707545
4,2,119,94,119.0,1.9178866364698288
5,1,142,139,142.0,2.443524876949279
5,2,142,140,142.0,2.8401582120524758
