category,trial,item1,item2,choice,rt
1,1,22,2,2.0,3.653705340841529
1,2,22,23,22.0,2.4038290274163896
2,1,52,33,33.0,4.342984387713841
2,2,54,46,46.0,4.8661193467056885
3,1,79,80,80.0,3.37356228562609
3,2,85,77,77.0,4.241543146310147
4,1,113,114,114.0,2.090599048573503
4,2,106,111,111.0,2.235317142734245
5,1,130,121,130.0,3.816822032265585
5,2,121,145,145.0,2.947430034071595
