category,trial,item1,item2,choice,rt
1,1,23,24,24.0,3.979610913833246
1,2,3,26,26.0,1.065699104908706
2,1,54,48,48.0,3.0945285242728446
2,2,40,33,33.0,4.890499594040344
3,1,80,68,80.0,2.177001017231664
3,2,74,63,63.0,3.3093684980041846
4,1,111,94,111.0,4.245118134066785
4,2,114,91,114.0,4.1379892181720095
5,1,136,139,136.0,4.374791060364308
5,2,129,139,129.0,2.2781960378753294
