category,trial,item1,item2,choice,rt
1,1,20,26,26.0,2.4106016239035037
1,2,3,26,26.0,1.1635454535282455
2,1,41,35,35.0,4.5318498087326375
2,2,46,35,46.0,2.2291307269813507
3,1,82,64,82.0,2.994188598158793
3,2,80,63,63.0,2.7581107585052256
4,1,106,112,106.0,3.6170779107941073
4,2,113,119,119.0,3.395334330957791
5,1,139,147,139.0,2.9285230246367155
5,2,142,145,142.0,3.7425101973774506
