category,trial,item1,item2,choice,rt
1,1,24,22,22.0,4.759147486031566
1,2,26,3,26.0,2.727450106728275
2,1,52,40,40.0,4.137496699971875
2,2,35,54,35.0,4.698756464514074
3,1,64,80,80.0,2.1607860427445402
3,2,64,74,74.0,3.989568258029816
4,1,108,105,105.0,2.971487941705649
4,2,106,94,106.0,4.396633959716443
5,1,142,129,142.0,3.3502196113748344
5,2,145,147,145.0,3.183619112465098
