category,trial,item1,item2,choice,rt
1,1,9,23,23.0,4.780088654122395
1,2,24,9,24.0,4.389345138396826
2,1,50,40,40.0,4.067476701323255
2,2,35,46,46.0,3.316107176438793
3,1,76,74,76.0,3.5526953505867436
3,2,82,64,82.0,3.032565029607553
4,1,113,108,113.0,4.437002279527709
4,2,112,91,91.0,2.5345205941579465
5,1,145,142,142.0,3.1326027190570835
5,2,145,140,145.0,3.9578868957007005
