category,trial,item1,item2,choice,rt
1,1,3,2,2.0,3.4967220522807576
1,2,20,26,26.0,4.384378299611871
2,1,41,48,48.0,3.520977554796316
2,2,50,46,46.0,4.980306590182236
3,1,79,77,77.0,4.006683750437668
3,2,63,64,63.0,4.282368151743657
4,1,113,94,113.0,3.0222004201122186
4,2,106,108,106.0,4.954956188147102
5,1,139,142,142.0,2.344051585939282
5,2,136,128,128.0,2.3986808892342113
