category,trial,item1,item2,choice,rt
1,1,20,26,26.0,4.488223201332767
1,2,15,2,15.0,2.6745589546996174
2,1,48,35,48.0,2.2033830022532785
2,2,40,52,40.0,2.2942466450242747
3,1,77,63,77.0,3.8251068154370675
3,2,82,63,82.0,4.183063917118415
4,1,112,105,105.0,2.6924686746167614
4,2,114,106,114.0,3.3344857450415506
5,1,129,147,129.0,4.47958274506299
5,2,129,130,129.0,2.1088473546863877
