category,trial,item1,item2,choice,rt
1,1,26,2,26.0,4.532525500058492
1,2,15,22,15.0,2.64062822212646
2,1,50,41,50.0,4.653272918571751
2,2,46,52,46.0,4.564977588774573
3,1,64,82,82.0,4.374262920246208
3,2,76,79,76.0,2.108583574429348
4,1,119,111,119.0,3.5584559201278823
4,2,113,106,113.0,2.896862511044536
5,1,129,139,129.0,4.931211280202724
5,2,129,136,129.0,4.998675652397371
