category,trial,item1,item2,choice,rt
1,1,15,2,15.0,3.6811094437103224
1,2,2,23,2.0,4.363541601429245
2,1,40,50,40.0,2.3532433612651658
2,2,41,40,40.0,4.973055619713119
3,1,85,76,76.0,4.283424545421093
3,2,79,68,68.0,4.474408023990726
4,1,108,112,112.0,4.656128497636146
4,2,112,91,91.0,3.8041890151703637
5,1,129,142,142.0,3.951158864085814
5,2,130,140,140.0,4.4645607507315415
