category,trial,item1,item2,choice,rt
1,1,20,1,20.0,4.355342530865039
1,2,2,1,2.0,4.354987376088872
2,1,35,50,35.0,3.2773268548230554
2,2,32,54,32.0,4.751990957060464
3,1,63,76,63.0,2.2065589691709855
3,2,80,68,80.0,3.837462469325044
4,1,106,114,114.0,4.0146869872180595
4,2,106,105,105.0,4.695633348696246
5,1,147,140,140.0,4.397261734925075
5,2,129,142,142.0,2.3104564887970245
