category,trial,item1,item2,choice,rt
1,1,20,15,15.0,2.5976839303468204
1,2,26,24,26.0,1.6684859695675587
2,1,33,41,33.0,3.286584992794791
2,2,35,54,35.0,2.6154089610615956
3,1,77,80,77.0,3.974431536828946
3,2,85,80,80.0,3.078870415343841
4,1,105,111,105.0,2.1395608488762305
4,2,114,105,114.0,4.585854890716644
5,1,121,145,145.0,2.986364960356872
5,2,139,130,130.0,2.181601943772762
