category,trial,item1,item2,choice,rt
1,1,1,9,9.0,2.1926036599626744
1,2,1,15,15.0,1.5771034537155744
2,1,50,46,46.0,3.1104660397761132
2,2,52,33,33.0,2.121105445823364
3,1,77,85,77.0,2.5998403341825553
3,2,74,76,76.0,4.729417906373054
4,1,94,105,105.0,3.1708923471176154
4,2,106,112,106.0,4.214633700195848
5,1,136,130,130.0,3.812749743814847
5,2,142,145,142.0,3.1929692890908927
