category,trial,item1,item2,choice,rt
1,1,26,2,26.0,3.8114599241959795
1,2,24,9,24.0,4.946016900507766
2,1,32,46,32.0,4.735053887006442
2,2,33,48,33.0,3.8882464305130746
3,1,85,63,63.0,4.526846015604015
3,2,85,79,85.0,2.588948915393763
4,1,108,113,113.0,3.1119571121751295
4,2,91,111,111.0,4.886029467180533
5,1,140,121,140.0,3.509156862170712
5,2,139,128,128.0,3.6063554648213314
