category,trial,item1,item2,choice,rt
1,1,26,1,26.0,2.25404549867653
1,2,9,23,23.0,4.061758253460793
2,1,48,54,48.0,4.848275694222229
2,2,48,50,48.0,3.2102512495447018
3,1,63,82,82.0,3.271091288573619
3,2,82,64,82.0,2.8266797896792304
4,1,113,111,111.0,2.1754307819013503
4,2,114,106,114.0,3.804100860206714
5,1,130,145,145.0,3.3191863937245145
5,2,130,121,130.0,3.6476284702929274
