category,trial,item1,item2,choice,rt
1,1,22,15,15.0,1.1777366396693367
1,2,2,1,2.0,2.4425853942904054
2,1,32,33,32.0,2.733015386121463
2,2,52,40,40.0,2.938945550948282
3,1,64,82,82.0,3.6680359586643094
3,2,68,64,64.0,4.632609569383217
4,1,113,108,113.0,2.0652034523574905
4,2,108,106,106.0,2.578189350309927
5,1,130,129,129.0,3.844696290077658
5,2,121,140,140.0,4.8717097577772135
