category,trial,item1,item2,choice,rt
1,1,9,24,24.0,4.992676545149183
1,2,9,24,24.0,3.9709008821660583
2,1,35,40,40.0,2.33768099009539
2,2,54,32,32.0,3.85295298091351
3,1,68,80,80.0,3.0844386239236843
3,2,79,64,64.0,3.9437310158679493
4,1,119,91,119.0,4.158529325885847
4,2,94,91,91.0,2.1144415315176768
5,1,136,121,121.0,2.4479715819638543
5,2,128,136,128.0,4.176359003761834
