category,trial,item1,item2,choice,rt
1,1,3,1,3.0,3.63980435135182
1,2,3,9,9.0,4.249311227686098
2,1,32,35,32.0,2.328247083381731
2,2,32,33,32.0,2.9854816557370576
3,1,80,68,80.0,2.166673718434218
3,2,68,64,64.0,2.407225707948084
4,1,105,114,114.0,2.784482732292929
4,2,119,113,119.0,3.1143177491814367
5,1,142,145,142.0,3.1401473168200873
5,2,128,142,142.0,1.5271461238690816
