category,trial,item1,item2,choice,rt
1,1,15,26,15.0,2.1486647767527205
1,2,9,20,20.0,3.389716180515025
2,1,41,54,54.0,2.663740031698585
2,2,32,35,32.0,4.458538747653298
3,1,82,76,82.0,2.277359687015845
3,2,77,64,77.0,2.383986114699479
4,1,106,119,119.0,3.1221569412233316
4,2,91,94,91.0,4.88243416716856
5,1,139,130,130.0,2.408603157658998
5,2,121,136,121.0,3.0743337499610877
