category,trial,item1,item2,choice,rt
1,1,3,23,23.0,4.959431866987611
1,2,26,1,26.0,1.169688409938283
2,1,52,48,48.0,2.931482538280767
2,2,35,32,32.0,4.85556410671522
3,1,76,82,82.0,4.419607324977537
3,2,68,79,79.0,4.100282404362341
4,1,105,114,114.0,3.1757908748668093
4,2,108,119,119.0,1.9592871168548456
5,1,145,129,145.0,2.645400830857622
5,2,142,136,142.0,1.5424512540949185
